<?xml version="1.0"?>
<!--<!DOCTYPE metadata SYSTEM "http://www.esri.com/metadata/esriprof80.dtd">-->
<metadata xml:lang="en"><Esri><CreaDate>20111129</CreaDate><CreaTime>12211500</CreaTime><SyncOnce>FALSE</SyncOnce><SyncDate>20071028</SyncDate><SyncTime>16481200</SyncTime><ModDate>20071028</ModDate><ModTime>16481200</ModTime><ArcGISFormat>1.0</ArcGISFormat><ArcGISstyle>XTools Pro Metadata</ArcGISstyle><DataProperties><itemProps><itemLocation><linkage Sync="TRUE">file://\\OCHAKE-BONIFACE\D$\GIS\Kenya\shapefiles\ILRI\COD\KEN_Lakes\KEN_Lakes</linkage><protocol Sync="TRUE">Local Area Network</protocol></itemLocation></itemProps><copyHistory><copy source="D:\GIS\Kenya\shapefiles\ILRI\COD\KEN_Lakes" dest="\\OCHAKE-BONIFACE\D$\GIS\Kenya\shapefiles\ILRI\COD\KEN_Lakes\KEN_Lakes" date="20111129" time="12285000"></copy></copyHistory></DataProperties></Esri><idinfo><native Sync="TRUE">Microsoft Windows 2000 Version 5.1 (Build 2600) Service Pack 1; ESRI ArcCatalog 8.1.0.642</native><descript><langdata Sync="TRUE">en</langdata><abstract>REQUIRED: A brief narrative summary of the data set.</abstract><purpose>REQUIRED: A summary of the intentions with which the data set was developed.</purpose></descript><citation><citeinfo><origin>REQUIRED: The name of an organization or individual that developed the data set.</origin><pubdate>REQUIRED: The date when the data set is published or otherwise made available for release.</pubdate><title Sync="TRUE">KEN_LAKE_region</title><ftname Sync="TRUE">KEN_LAKE_region</ftname><geoform Sync="TRUE">vector digital data</geoform><onlink Sync="TRUE">\\CPQ56574797792\E\Data\Regional_data\Kenya\shape_files\KEN_LAKE_region.shp</onlink></citeinfo></citation><timeperd><current>REQUIRED: The basis on which the time period of content information is determined.</current><timeinfo><sngdate><caldate>REQUIRED: The year (and optionally month, or month and day) for which the data set corresponds to the ground.</caldate></sngdate></timeinfo></timeperd><status><progress>REQUIRED: The state of the data set.</progress><update>REQUIRED: The frequency with which changes and additions are made to the data set after the initial data set is completed.</update></status><spdom><bounding><westbc Sync="TRUE">33.908859</westbc><eastbc Sync="TRUE">40.686550</eastbc><northbc Sync="TRUE">4.653523</northbc><southbc Sync="TRUE">-4.577172</southbc></bounding><lboundng><leftbc Sync="TRUE">33.908859</leftbc><rightbc Sync="TRUE">40.686550</rightbc><bottombc Sync="TRUE">-4.577172</bottombc><topbc Sync="TRUE">4.653523</topbc></lboundng></spdom><keywords><theme><themekt>REQUIRED: Reference to a formally registered thesaurus or a similar authoritative source of theme keywords.</themekt><themekey>REQUIRED: Common-use word or phrase used to describe the subject of the data set.</themekey></theme></keywords><accconst>REQUIRED: Restrictions and legal prerequisites for accessing the data set.</accconst><useconst>REQUIRED: Restrictions and legal prerequisites for using the data set after access is granted.</useconst><natvform Sync="TRUE">Shapefile</natvform></idinfo><metainfo><langmeta Sync="TRUE">en</langmeta><metstdn Sync="TRUE">FGDC Content Standards for Digital Geospatial Metadata</metstdn><metstdv Sync="TRUE">FGDC-STD-001-1998</metstdv><mettc Sync="TRUE">local time</mettc><metextns><onlink Sync="TRUE">http://www.esri.com/metadata/esriprof80.html</onlink><metprof Sync="TRUE">ESRI Metadata Profile</metprof></metextns><metc><cntinfo><cntorgp><cntper>REQUIRED: The person responsible for the metadata information.</cntper><cntorg>REQUIRED: The organization responsible for the metadata information.</cntorg></cntorgp><cntaddr><addrtype>REQUIRED: The mailing and/or physical address for the organization or individual.</addrtype><city>REQUIRED: The city of the address.</city><state>REQUIRED: The state or province of the address.</state><postal>REQUIRED: The ZIP or other postal code of the address.</postal></cntaddr><cntvoice>REQUIRED: The telephone number by which individuals can speak to the organization or individual.</cntvoice></cntinfo></metc><metd Sync="TRUE">20071028</metd></metainfo><spdoinfo><direct Sync="TRUE">Vector</direct><ptvctinf><esriterm Name="KEN_LAKE_region"><efeatyp Sync="TRUE">Simple</efeatyp><efeageom Sync="TRUE">Polygon</efeageom><esritopo Sync="TRUE">FALSE</esritopo><efeacnt Sync="TRUE">46</efeacnt><spindex Sync="TRUE">TRUE</spindex><linrefer Sync="TRUE">FALSE</linrefer></esriterm><sdtsterm Name="KEN_LAKE_region"><sdtstype Sync="TRUE">G-polygon</sdtstype><ptvctcnt Sync="TRUE">46</ptvctcnt></sdtsterm></ptvctinf></spdoinfo><spref><horizsys><cordsysn><geogcsn Sync="TRUE">Lat Long WGS84</geogcsn></cordsysn><geograph><geogunit Sync="TRUE">Decimal degrees</geogunit><latres Sync="TRUE">0.000000</latres><longres Sync="TRUE">0.000000</longres></geograph><geodetic><horizdn Sync="TRUE">D_WGS84</horizdn><ellips Sync="TRUE">World_Geodetic_System_of_1984</ellips><semiaxis Sync="TRUE">6378137.000000</semiaxis><denflat Sync="TRUE">298.257224</denflat></geodetic></horizsys></spref><eainfo><detailed Name="KEN_LAKE_region"><enttyp><enttypl Sync="TRUE">KEN_LAKE_region</enttypl><enttypt Sync="TRUE">Feature Class</enttypt><enttypc Sync="TRUE">46</enttypc></enttyp><attr><attrlabl Sync="TRUE">FID</attrlabl><attalias Sync="TRUE">FID</attalias><attrtype Sync="TRUE">OID</attrtype><attwidth Sync="TRUE">4</attwidth><atprecis Sync="TRUE">0</atprecis><attscale Sync="TRUE">0</attscale><attrdef Sync="TRUE">Internal feature number.</attrdef><attrdefs Sync="TRUE">ESRI</attrdefs><attrdomv><udom Sync="TRUE">Sequential unique whole numbers that are automatically generated.</udom></attrdomv></attr><attr><attrlabl Sync="TRUE">Shape</attrlabl><attalias Sync="TRUE">Shape</attalias><attrtype Sync="TRUE">Geometry</attrtype><attwidth Sync="TRUE">0</attwidth><atprecis Sync="TRUE">0</atprecis><attscale Sync="TRUE">0</attscale><attrdef Sync="TRUE">Feature geometry.</attrdef><attrdefs Sync="TRUE">ESRI</attrdefs><attrdomv><udom Sync="TRUE">Coordinates defining the features.</udom></attrdomv></attr><attr><attrlabl Sync="TRUE">LAKE</attrlabl><attalias Sync="TRUE">LAKE</attalias><attrtype Sync="TRUE">String</attrtype><attwidth Sync="TRUE">30</attwidth></attr><attr><attrlabl Sync="TRUE">ETYPE</attrlabl><attalias Sync="TRUE">ETYPE</attalias><attrtype Sync="TRUE">String</attrtype><attwidth Sync="TRUE">7</attwidth></attr></detailed></eainfo><distinfo><stdorder><digform><digtinfo><transize Sync="TRUE">0.061</transize><dssize Sync="TRUE">0.061</dssize></digtinfo></digform></stdorder></distinfo></metadata>
